model,K,HitRate,NDCG
Popularity,10,0.03499469777306469,0.013794324274476692
Popularity,20,0.061505832449628844,0.02053219552779551
Popularity (Bayes),10,0.032873806998939555,0.014012054314586029
